product_id,acquisition_date,satellite,qa_valid_pixel_count,status,errors,minimum,p01,p05,p25,median,mean,p75,p95,p99,maximum,below_0,from_0_to_10,above_60,above_70,above_80,above_90,minimum_row,minimum_column,minimum_x,minimum_y,minimum_longitude,minimum_latitude,minimum_st_dn,minimum_celsius,minimum_qa_pixel,minimum_qa_radsat,minimum_same_dn_qa_valid_pixel_count,minimum_at_uint16_max,minimum_invalid_qa_neighbor_count,minimum_dilated_cloud_neighbor_count,maximum_row,maximum_column,maximum_x,maximum_y,maximum_longitude,maximum_latitude,maximum_st_dn,maximum_celsius,maximum_qa_pixel,maximum_qa_radsat,maximum_same_dn_qa_valid_pixel_count,maximum_at_uint16_max,maximum_invalid_qa_neighbor_count,maximum_dilated_cloud_neighbor_count,above_80_pixel_count,above_80_cluster_count,above_80_largest_cluster_size,above_80_largest_cluster_bounds,above_90_pixel_count,above_90_cluster_count,above_90_largest_cluster_size,above_90_largest_cluster_bounds,below_10_pixel_count,below_10_cluster_count,below_10_largest_cluster_size,below_10_largest_cluster_bounds,below_0_pixel_count,below_0_cluster_count,below_0_largest_cluster_size,below_0_largest_cluster_bounds
LC08_L2SP_147047_20250302_20250311_02_T1,2025-03-02,Landsat 8,37718969,PASS,,16.97320976000003,28.779050840000025,31.161410779999983,35.19809240000001,38.086319300000014,37.938108662049785,40.78313708000002,44.25242738000003,46.292985320000014,68.01450241999999,0,0,17,0,0,0,5480,3616,380880.0,2029500.0,73.87256857282487,18.352007195932934,41288,16.97320976000003,21824,0,1,False,0,0,2696,1503,317490.0,2113020.0,73.26508609381618,19.1020176790959,56221,68.01450241999999,21824,96,1,False,0,0,,,,,,,,,,,,,,,,
LC09_L2SP_147047_20250310_20250311_02_T1,2025-03-10,Landsat 9,39546962,PASS,,25.460153419999983,33.09259208000003,35.625344900000016,39.52188769999998,42.52974530000006,42.48385530373628,45.34619378000002,49.39654747999998,52.48643756000001,99.84994070000005,0,0,262,84,42,31,2702,3244,367320.0,2112840.0,73.73867415174138,19.10424472022674,43771,25.460153419999983,21824,0,1,False,22,0,6438,1286,308580.0,2000760.0,73.19116149822689,18.087097282299734,65535,99.84994070000005,21824,96,21,True,0,0,42,1,42,"{""min_row"": 6437, ""max_row"": 6442, ""min_column"": 1285, ""max_column"": 1292, ""projected_pixel_center_bounds"": {""min_x"": 308550.0, ""min_y"": 2000640.0, ""max_x"": 308760.0, ""max_y"": 2000790.0}, ""longitude_latitude_pixel_center_bounds"": {""min_longitude"": 73.19087533570571, ""min_latitude"": 18.086010541356995, ""max_longitude"": 73.19287290383667, ""max_latitude"": 18.087384239576426}}",31,1,31,"{""min_row"": 6437, ""max_row"": 6442, ""min_column"": 1286, ""max_column"": 1292, ""projected_pixel_center_bounds"": {""min_x"": 308580.0, ""min_y"": 2000640.0, ""max_x"": 308760.0, ""max_y"": 2000790.0}, ""longitude_latitude_pixel_center_bounds"": {""min_longitude"": 73.19115871972069, ""min_latitude"": 18.08601319866447, ""max_longitude"": 73.19287290383667, ""max_latitude"": 18.087384239576426}}",,,,,,,,
LC08_L2SP_147047_20250318_20250327_02_T1,2025-03-18,Landsat 8,39479488,PASS,,6.859288579999998,34.34016938000002,37.24206836000002,41.68891238000003,44.93603138000003,44.702949212446924,47.93705294000006,51.28671254000005,53.600712079999994,72.02042186000006,0,6,1184,3,0,0,6745,5385,434550.0,1991550.0,74.38171611200012,18.011345859846738,38329,6.859288579999998,21824,0,1,False,18,18,136,2002,333060.0,2189820.0,73.40628633650019,19.797143815746452,57393,72.02042186000006,21824,64,1,False,1,0,,,,,,,,,,,,,,,,
LC09_L2SP_147047_20250326_20250327_02_T1,2025-03-26,Landsat 9,39701103,PASS,,26.10274118000001,33.01397761999999,36.53453822000006,41.76410882000005,44.8881791,44.589836245271556,47.865274520000014,51.14657371999999,53.23156591999998,69.41589062000003,0,0,372,0,0,0,6891,2757,355110.0,1987170.0,73.63169264991943,17.967918912049996,43959,26.10274118000001,21824,0,1,False,0,0,2383,4286,400980.0,2122410.0,74.0581357323375,19.19263602195919,56631,69.41589062000003,21824,0,1,False,0,0,,,,,,,,,,,,,,,,
LC08_L2SP_147047_20250403_20250411_02_T1,2025-04-03,Landsat 8,32956060,PASS,,-10.948595619999992,31.86552290000003,34.367513540000004,38.84511974000003,42.70064630000002,42.40934349532438,45.978527480000025,49.844308100000035,52.47618350000005,69.7200944,32,111,182,0,0,0,7475,4858,416940.0,1969950.0,74.21622917025651,17.81552536842465,33119,-10.948595619999992,21824,0,1,False,15,15,1612,1863,327090.0,2145840.0,73.35335750479192,19.399340540551194,56720,69.7200944,21824,0,1,False,0,0,,,,,,,,,143,9,55,"{""min_row"": 7464, ""max_row"": 7475, ""min_column"": 4849, ""max_column"": 4860, ""projected_pixel_center_bounds"": {""min_x"": 416670.0, ""min_y"": 1969950.0, ""max_x"": 417000.0, ""max_y"": 1970280.0}, ""longitude_latitude_pixel_center_bounds"": {""min_longitude"": 74.21366849538603, ""min_latitude"": 17.815515138123338, ""max_longitude"": 74.2167953035238, ""max_latitude"": 17.818510164228368}}",32,5,19,"{""min_row"": 7471, ""max_row"": 7475, ""min_column"": 4854, ""max_column"": 4860, ""projected_pixel_center_bounds"": {""min_x"": 416820.0, ""min_y"": 1969950.0, ""max_x"": 417000.0, ""max_y"": 1970070.0}, ""longitude_latitude_pixel_center_bounds"": {""min_longitude"": 74.21509215784049, ""min_latitude"": 17.81552082572176, ""max_longitude"": 74.2167953035238, ""max_latitude"": 17.816612192664024}}"
LC09_L2SP_147047_20250411_20250412_02_T1,2025-04-11,Landsat 9,37073680,PASS,,16.528867160000004,32.808896419999996,36.28502276000006,42.259721720000016,45.66065162000001,45.29641019572989,48.829156160000025,52.63683044000004,55.002100280000036,64.59990044000006,0,0,260,0,0,0,6799,1862,325260.0,1989930.0,73.34964296239096,17.990663230230332,41158,16.528867160000004,21824,0,1,False,19,0,2598,3912,386760.0,2115960.0,73.92327217308737,19.13361001666293,55222,64.59990044000006,21824,0,1,False,0,0,,,,,,,,,,,,,,,,
LC08_L2SP_147047_20250419_20250425_02_T1,2025-04-19,Landsat 8,39361599,PASS,,15.489789080000037,34.86996248000003,38.609276360000024,44.38231214000001,47.71146362000002,47.24711893883949,50.65779686000002,53.90491586000002,55.81900705999999,69.60046369999998,0,0,5769,0,0,0,6636,1710,323400.0,1994820.0,73.33166552604638,18.03469294514095,40854,15.489789080000037,21824,0,1,False,14,10,4982,3063,363990.0,2044440.0,73.71173367435719,18.485991571422705,56685,69.60046369999998,21824,0,1,False,0,0,,,,,,,,,,,,,,,,
LC09_L2SP_147047_20250427_20250428_02_T1,2025-04-27,Landsat 9,39443265,PASS,,20.004993500000012,36.43199762000006,40.15763942000001,45.927257180000026,49.464907880000055,48.9576479453475,52.36680686,56.09586668000003,58.35859592000003,71.17958894000003,0,0,108517,9,0,0,5254,3443,373290.0,2036280.0,73.80031926413315,18.41283471563176,42175,20.004993500000012,21824,0,1,False,16,16,5923,3494,374820.0,2016210.0,73.81603725050287,18.23156516787463,57147,71.17958894000003,21824,64,1,False,0,0,,,,,,,,,,,,,,,,
LC08_L2SP_147047_20250505_20250512_02_T1,2025-05-05,Landsat 8,39631868,PASS,,25.699414820000015,34.316243240000006,38.212786040000026,44.54979512,48.24809276000002,47.71537108869188,51.515719880000006,54.940575920000015,57.05633030000001,71.90079116000004,0,0,24736,17,0,0,2775,2573,347190.0,2110650.0,73.5475230276067,19.08304876480876,43841,25.699414820000015,21824,0,1,False,9,9,2628,6348,460440.0,2115060.0,74.62384566160529,19.128243830653982,57358,71.90079116000004,21824,64,1,False,0,0,,,,,,,,,,,,,,,,
