product_id,acquisition_date,satellite,total_raster_pixels,nonzero_st_pixels,qa_valid_pixel_count,qa_valid_percent,finite_celsius_pixel_count,minimum_celsius,maximum_celsius,mean_celsius,median_celsius,processing_status,errors
LC08_L2SP_147047_20250302_20250311_02_T1,2025-03-02,Landsat 8,59376811,40509239,37718969,63.52474705992547,37718969,16.97320976000003,68.01450241999999,37.938108662049785,38.086319300000014,PASS,
LC09_L2SP_147047_20250310_20250311_02_T1,2025-03-10,Landsat 9,59454621,40636985,39546962,66.51621242358941,39546962,25.460153419999983,99.84994070000005,42.483855303736284,42.52974530000006,PASS,
LC08_L2SP_147047_20250318_20250327_02_T1,2025-03-18,Landsat 8,59454621,40505249,39479488,66.40272418858746,39479488,6.859288579999998,72.02042186000006,44.702949212446896,44.93603138000003,PASS,
LC09_L2SP_147047_20250326_20250327_02_T1,2025-03-26,Landsat 9,59376811,40636403,39701103,66.86297618779156,39701103,26.10274118000001,69.41589062000003,44.58983624527157,44.8881791,PASS,
LC08_L2SP_147047_20250403_20250411_02_T1,2025-04-03,Landsat 8,59453121,40505380,32956060,55.432010036949954,32956060,-10.948595619999992,69.7200944,42.40934349532444,42.70064630000002,PASS,
LC09_L2SP_147047_20250411_20250412_02_T1,2025-04-11,Landsat 9,59376811,40640059,37073680,62.43797768121969,37073680,16.528867160000004,64.59990044000006,45.296410195729855,45.66065162000001,PASS,
LC08_L2SP_147047_20250419_20250425_02_T1,2025-04-19,Landsat 8,59376811,40499059,39361599,66.29119741711962,39361599,15.489789080000037,69.60046369999998,47.24711893883948,47.71146362000002,PASS,
LC09_L2SP_147047_20250427_20250428_02_T1,2025-04-27,Landsat 9,59376811,40637449,39443265,66.42873595889142,39443265,20.004993500000012,71.17958894000003,48.95764794534749,49.464907880000055,PASS,
LC08_L2SP_147047_20250505_20250512_02_T1,2025-05-05,Landsat 8,59454621,40499979,39631868,66.65902049901219,39631868,25.699414820000015,71.90079116000004,47.71537108869183,48.24809276000002,PASS,
