date,product_id,satellite,cloud_cover_percent,crs,resolution_x_m,resolution_y_m,required_files_found,required_files_expected,validation_status,errors,file_name,file_path,file_bytes,sha256
2025-03-02,LC08_L2SP_147047_20250302_20250311_02_T1,Landsat 8,2.19,EPSG:32643,30.0,30.0,4,4,PASS,,LC08_L2SP_147047_20250302_20250311_02_T1_MTL.txt,data/raw/landsat/LC08_L2SP_147047_20250302_20250311_02_T1/LC08_L2SP_147047_20250302_20250311_02_T1_MTL.txt,15407,11f0055b53928417a5ecfc65ab657a67acf9712213b4575cedcd25964c6b309b
2025-03-02,LC08_L2SP_147047_20250302_20250311_02_T1,Landsat 8,2.19,EPSG:32643,30.0,30.0,4,4,PASS,,LC08_L2SP_147047_20250302_20250311_02_T1_QA_PIXEL.TIF,data/raw/landsat/LC08_L2SP_147047_20250302_20250311_02_T1/LC08_L2SP_147047_20250302_20250311_02_T1_QA_PIXEL.TIF,2014244,36097b0ddb1ef68eba4e3e3a8624031fa5162a97d064d365577cd140454e4fab
2025-03-02,LC08_L2SP_147047_20250302_20250311_02_T1,Landsat 8,2.19,EPSG:32643,30.0,30.0,4,4,PASS,,LC08_L2SP_147047_20250302_20250311_02_T1_QA_RADSAT.TIF,data/raw/landsat/LC08_L2SP_147047_20250302_20250311_02_T1/LC08_L2SP_147047_20250302_20250311_02_T1_QA_RADSAT.TIF,224616,5f5b312397b46a5755d993cd18ea5d0b4a82f75d414e05f3e01bd95d13114edd
2025-03-02,LC08_L2SP_147047_20250302_20250311_02_T1,Landsat 8,2.19,EPSG:32643,30.0,30.0,4,4,PASS,,LC08_L2SP_147047_20250302_20250311_02_T1_ST_B10.TIF,data/raw/landsat/LC08_L2SP_147047_20250302_20250311_02_T1/LC08_L2SP_147047_20250302_20250311_02_T1_ST_B10.TIF,88821799,5de9eb45551d267a8b395e1c7a44424584f84f444b4cb50c9d4c604e459952db
2025-03-10,LC09_L2SP_147047_20250310_20250311_02_T1,Landsat 9,0.0,EPSG:32643,30.0,30.0,4,4,PASS,,LC09_L2SP_147047_20250310_20250311_02_T1_MTL.txt,data/raw/landsat/LC09_L2SP_147047_20250310_20250311_02_T1/LC09_L2SP_147047_20250310_20250311_02_T1_MTL.txt,15253,cb44c41faa71e0ba1abc97bed70a64ec3266f0e3c1ad524ce84fafd612093951
2025-03-10,LC09_L2SP_147047_20250310_20250311_02_T1,Landsat 9,0.0,EPSG:32643,30.0,30.0,4,4,PASS,,LC09_L2SP_147047_20250310_20250311_02_T1_QA_PIXEL.TIF,data/raw/landsat/LC09_L2SP_147047_20250310_20250311_02_T1/LC09_L2SP_147047_20250310_20250311_02_T1_QA_PIXEL.TIF,716698,78c86625a57c19d4d09db6f30e33644fc8196b20e80a5daea42406b1647283b9
2025-03-10,LC09_L2SP_147047_20250310_20250311_02_T1,Landsat 9,0.0,EPSG:32643,30.0,30.0,4,4,PASS,,LC09_L2SP_147047_20250310_20250311_02_T1_QA_RADSAT.TIF,data/raw/landsat/LC09_L2SP_147047_20250310_20250311_02_T1/LC09_L2SP_147047_20250310_20250311_02_T1_QA_RADSAT.TIF,225825,74adeb7823b205192b9d686e3a1791c86642669196525fb69bf8d0383a145cea
2025-03-10,LC09_L2SP_147047_20250310_20250311_02_T1,Landsat 9,0.0,EPSG:32643,30.0,30.0,4,4,PASS,,LC09_L2SP_147047_20250310_20250311_02_T1_ST_B10.TIF,data/raw/landsat/LC09_L2SP_147047_20250310_20250311_02_T1/LC09_L2SP_147047_20250310_20250311_02_T1_ST_B10.TIF,89014375,2e1fd4a947d4ced8723a5a2319417ee29d68c21f3f1b6e474f578bd3a7f8f33b
2025-03-18,LC08_L2SP_147047_20250318_20250327_02_T1,Landsat 8,0.05,EPSG:32643,30.0,30.0,4,4,PASS,,LC08_L2SP_147047_20250318_20250327_02_T1_MTL.txt,data/raw/landsat/LC08_L2SP_147047_20250318_20250327_02_T1/LC08_L2SP_147047_20250318_20250327_02_T1_MTL.txt,15407,5390a48c2b8bd0d8efe46d6d6afbe0d3bcfaf5fb947c547a699ea5973a81803f
2025-03-18,LC08_L2SP_147047_20250318_20250327_02_T1,Landsat 8,0.05,EPSG:32643,30.0,30.0,4,4,PASS,,LC08_L2SP_147047_20250318_20250327_02_T1_QA_PIXEL.TIF,data/raw/landsat/LC08_L2SP_147047_20250318_20250327_02_T1/LC08_L2SP_147047_20250318_20250327_02_T1_QA_PIXEL.TIF,703986,8ca8bd936daedeb9eba03c53f8f15d65c4ebf47860c75647e2a0f0830c998785
2025-03-18,LC08_L2SP_147047_20250318_20250327_02_T1,Landsat 8,0.05,EPSG:32643,30.0,30.0,4,4,PASS,,LC08_L2SP_147047_20250318_20250327_02_T1_QA_RADSAT.TIF,data/raw/landsat/LC08_L2SP_147047_20250318_20250327_02_T1/LC08_L2SP_147047_20250318_20250327_02_T1_QA_RADSAT.TIF,225516,8ad9f37fd04cf78172dfcb2fa8dc434f7df0adb06c896e390a68ec040a790bce
2025-03-18,LC08_L2SP_147047_20250318_20250327_02_T1,Landsat 8,0.05,EPSG:32643,30.0,30.0,4,4,PASS,,LC08_L2SP_147047_20250318_20250327_02_T1_ST_B10.TIF,data/raw/landsat/LC08_L2SP_147047_20250318_20250327_02_T1/LC08_L2SP_147047_20250318_20250327_02_T1_ST_B10.TIF,90125744,55d12147eecbe77c1791f4816c6f445d86cca6e7227bbe8058696d93ffe854b1
2025-03-26,LC09_L2SP_147047_20250326_20250327_02_T1,Landsat 9,0.0,EPSG:32643,30.0,30.0,4,4,PASS,,LC09_L2SP_147047_20250326_20250327_02_T1_MTL.txt,data/raw/landsat/LC09_L2SP_147047_20250326_20250327_02_T1/LC09_L2SP_147047_20250326_20250327_02_T1_MTL.txt,15253,2c3a2ef13a2aa3251405a15456d8d4806dbf0bc36706f506a43db8f00a4d3f70
2025-03-26,LC09_L2SP_147047_20250326_20250327_02_T1,Landsat 9,0.0,EPSG:32643,30.0,30.0,4,4,PASS,,LC09_L2SP_147047_20250326_20250327_02_T1_QA_PIXEL.TIF,data/raw/landsat/LC09_L2SP_147047_20250326_20250327_02_T1/LC09_L2SP_147047_20250326_20250327_02_T1_QA_PIXEL.TIF,665865,335c0a85a984d43562a30e6a498cf2649e9384a4e6ab146ba95deb76197be11c
2025-03-26,LC09_L2SP_147047_20250326_20250327_02_T1,Landsat 9,0.0,EPSG:32643,30.0,30.0,4,4,PASS,,LC09_L2SP_147047_20250326_20250327_02_T1_QA_RADSAT.TIF,data/raw/landsat/LC09_L2SP_147047_20250326_20250327_02_T1/LC09_L2SP_147047_20250326_20250327_02_T1_QA_RADSAT.TIF,224740,8af1c72b0e3008f34ffead1ea6759450cc93d7a4872f3930472486f6df176ef5
2025-03-26,LC09_L2SP_147047_20250326_20250327_02_T1,Landsat 9,0.0,EPSG:32643,30.0,30.0,4,4,PASS,,LC09_L2SP_147047_20250326_20250327_02_T1_ST_B10.TIF,data/raw/landsat/LC09_L2SP_147047_20250326_20250327_02_T1/LC09_L2SP_147047_20250326_20250327_02_T1_ST_B10.TIF,89798028,a0839cd3422800065edf432e515687ce0f5af3cdb16f1509b153f9e8e67b6be7
2025-04-03,LC08_L2SP_147047_20250403_20250411_02_T1,Landsat 8,9.1,EPSG:32643,30.0,30.0,4,4,PASS,,LC08_L2SP_147047_20250403_20250411_02_T1_MTL.txt,data/raw/landsat/LC08_L2SP_147047_20250403_20250411_02_T1/LC08_L2SP_147047_20250403_20250411_02_T1_MTL.txt,15407,10e389deac0c09bbe3492c14b1b104e2df4a748b90bbd1023fb8c6fbe8fc70b0
2025-04-03,LC08_L2SP_147047_20250403_20250411_02_T1,Landsat 8,9.1,EPSG:32643,30.0,30.0,4,4,PASS,,LC08_L2SP_147047_20250403_20250411_02_T1_QA_PIXEL.TIF,data/raw/landsat/LC08_L2SP_147047_20250403_20250411_02_T1/LC08_L2SP_147047_20250403_20250411_02_T1_QA_PIXEL.TIF,2913483,6fefbb8ad89bc8e15c7a5fdd0e2ea944f12adc0448295d195a8d6eff96a69d98
2025-04-03,LC08_L2SP_147047_20250403_20250411_02_T1,Landsat 8,9.1,EPSG:32643,30.0,30.0,4,4,PASS,,LC08_L2SP_147047_20250403_20250411_02_T1_QA_RADSAT.TIF,data/raw/landsat/LC08_L2SP_147047_20250403_20250411_02_T1/LC08_L2SP_147047_20250403_20250411_02_T1_QA_RADSAT.TIF,224597,795c9f77d0cb5ba5b3b648b71feb15b8e71070b92b405c44fceab459e3f83db7
2025-04-03,LC08_L2SP_147047_20250403_20250411_02_T1,Landsat 8,9.1,EPSG:32643,30.0,30.0,4,4,PASS,,LC08_L2SP_147047_20250403_20250411_02_T1_ST_B10.TIF,data/raw/landsat/LC08_L2SP_147047_20250403_20250411_02_T1/LC08_L2SP_147047_20250403_20250411_02_T1_ST_B10.TIF,90516193,7c17d9346818e4e77aec8dc176ba5c65f94038607f73f4cf22c344c4b540ac4d
2025-04-11,LC09_L2SP_147047_20250411_20250412_02_T1,Landsat 9,2.26,EPSG:32643,30.0,30.0,4,4,PASS,,LC09_L2SP_147047_20250411_20250412_02_T1_MTL.txt,data/raw/landsat/LC09_L2SP_147047_20250411_20250412_02_T1/LC09_L2SP_147047_20250411_20250412_02_T1_MTL.txt,15253,27a9453f5b1198c3749246ba5b0d30bc1329ba00d231fd6fc8ad6fbb69c12a56
2025-04-11,LC09_L2SP_147047_20250411_20250412_02_T1,Landsat 9,2.26,EPSG:32643,30.0,30.0,4,4,PASS,,LC09_L2SP_147047_20250411_20250412_02_T1_QA_PIXEL.TIF,data/raw/landsat/LC09_L2SP_147047_20250411_20250412_02_T1/LC09_L2SP_147047_20250411_20250412_02_T1_QA_PIXEL.TIF,1660834,8a1b110690b50911baad117780eebf6ad8389276c455b79d23d0e9e5382015e9
2025-04-11,LC09_L2SP_147047_20250411_20250412_02_T1,Landsat 9,2.26,EPSG:32643,30.0,30.0,4,4,PASS,,LC09_L2SP_147047_20250411_20250412_02_T1_QA_RADSAT.TIF,data/raw/landsat/LC09_L2SP_147047_20250411_20250412_02_T1/LC09_L2SP_147047_20250411_20250412_02_T1_QA_RADSAT.TIF,224982,39174ff4350b306e2353629a05bdf1ef640a01272843dd3fb98cceaae4ca59ae
2025-04-11,LC09_L2SP_147047_20250411_20250412_02_T1,Landsat 9,2.26,EPSG:32643,30.0,30.0,4,4,PASS,,LC09_L2SP_147047_20250411_20250412_02_T1_ST_B10.TIF,data/raw/landsat/LC09_L2SP_147047_20250411_20250412_02_T1/LC09_L2SP_147047_20250411_20250412_02_T1_ST_B10.TIF,90582936,00d7ac1c79b01c223318a44ccaafac322d5d3fd3ddccf2019aee6e90503db96f
2025-04-19,LC08_L2SP_147047_20250419_20250425_02_T1,Landsat 8,0.35,EPSG:32643,30.0,30.0,4,4,PASS,,LC08_L2SP_147047_20250419_20250425_02_T1_MTL.txt,data/raw/landsat/LC08_L2SP_147047_20250419_20250425_02_T1/LC08_L2SP_147047_20250419_20250425_02_T1_MTL.txt,15406,ad8e73feea522a4545e6ded13560cccacb5f626ebd52ebb22cfb4e7a30e7dbea
2025-04-19,LC08_L2SP_147047_20250419_20250425_02_T1,Landsat 8,0.35,EPSG:32643,30.0,30.0,4,4,PASS,,LC08_L2SP_147047_20250419_20250425_02_T1_QA_PIXEL.TIF,data/raw/landsat/LC08_L2SP_147047_20250419_20250425_02_T1/LC08_L2SP_147047_20250419_20250425_02_T1_QA_PIXEL.TIF,723883,a77b458b8d6f48eddd9756ac3f2362442e90285ee7dddc2eeaa752cfa685d75c
2025-04-19,LC08_L2SP_147047_20250419_20250425_02_T1,Landsat 8,0.35,EPSG:32643,30.0,30.0,4,4,PASS,,LC08_L2SP_147047_20250419_20250425_02_T1_QA_RADSAT.TIF,data/raw/landsat/LC08_L2SP_147047_20250419_20250425_02_T1/LC08_L2SP_147047_20250419_20250425_02_T1_QA_RADSAT.TIF,225186,964c11ed4b4ded54af59baf533ecf2a6d77229af589fecf31f320cce5227788e
2025-04-19,LC08_L2SP_147047_20250419_20250425_02_T1,Landsat 8,0.35,EPSG:32643,30.0,30.0,4,4,PASS,,LC08_L2SP_147047_20250419_20250425_02_T1_ST_B10.TIF,data/raw/landsat/LC08_L2SP_147047_20250419_20250425_02_T1/LC08_L2SP_147047_20250419_20250425_02_T1_ST_B10.TIF,89691456,6fc8bc5dc301a579d23404e58c80626a9887f5d3d83356c58873ebc47429eee2
2025-04-27,LC09_L2SP_147047_20250427_20250428_02_T1,Landsat 9,0.24,EPSG:32643,30.0,30.0,4,4,PASS,,LC09_L2SP_147047_20250427_20250428_02_T1_MTL.txt,data/raw/landsat/LC09_L2SP_147047_20250427_20250428_02_T1/LC09_L2SP_147047_20250427_20250428_02_T1_MTL.txt,15252,bae6f2985b54137ee9a74450f4d6b87df8965b16dbc0ec6b5d8f9c0895674237
2025-04-27,LC09_L2SP_147047_20250427_20250428_02_T1,Landsat 9,0.24,EPSG:32643,30.0,30.0,4,4,PASS,,LC09_L2SP_147047_20250427_20250428_02_T1_QA_PIXEL.TIF,data/raw/landsat/LC09_L2SP_147047_20250427_20250428_02_T1/LC09_L2SP_147047_20250427_20250428_02_T1_QA_PIXEL.TIF,734867,108a6d3b077143ba2af7dd45eb92b6d6ec132d341bf0e6f043c5a44669150002
2025-04-27,LC09_L2SP_147047_20250427_20250428_02_T1,Landsat 9,0.24,EPSG:32643,30.0,30.0,4,4,PASS,,LC09_L2SP_147047_20250427_20250428_02_T1_QA_RADSAT.TIF,data/raw/landsat/LC09_L2SP_147047_20250427_20250428_02_T1/LC09_L2SP_147047_20250427_20250428_02_T1_QA_RADSAT.TIF,226021,5ef0d19f14401da4456ce1899eeb74f4112c9864f5ed310c12a53956fcaba28a
2025-04-27,LC09_L2SP_147047_20250427_20250428_02_T1,Landsat 9,0.24,EPSG:32643,30.0,30.0,4,4,PASS,,LC09_L2SP_147047_20250427_20250428_02_T1_ST_B10.TIF,data/raw/landsat/LC09_L2SP_147047_20250427_20250428_02_T1/LC09_L2SP_147047_20250427_20250428_02_T1_ST_B10.TIF,90364980,b586a3acce00597670dc6a1e3796fe28a0b03f5725e2e8a45ac944809cebf4b0
2025-05-05,LC08_L2SP_147047_20250505_20250512_02_T1,Landsat 8,0.15,EPSG:32643,30.0,30.0,4,4,PASS,,LC08_L2SP_147047_20250505_20250512_02_T1_MTL.txt,data/raw/landsat/LC08_L2SP_147047_20250505_20250512_02_T1/LC08_L2SP_147047_20250505_20250512_02_T1_MTL.txt,15439,56ae7c76ccbe80afb2678ef135aeb7cb8cf978907fe9946763d5c27e881f4e38
2025-05-05,LC08_L2SP_147047_20250505_20250512_02_T1,Landsat 8,0.15,EPSG:32643,30.0,30.0,4,4,PASS,,LC08_L2SP_147047_20250505_20250512_02_T1_QA_PIXEL.TIF,data/raw/landsat/LC08_L2SP_147047_20250505_20250512_02_T1/LC08_L2SP_147047_20250505_20250512_02_T1_QA_PIXEL.TIF,564037,6fedcd8c03fe750c42be5e5569e139850fe94a59f52c212f987babbc9fef4427
2025-05-05,LC08_L2SP_147047_20250505_20250512_02_T1,Landsat 8,0.15,EPSG:32643,30.0,30.0,4,4,PASS,,LC08_L2SP_147047_20250505_20250512_02_T1_QA_RADSAT.TIF,data/raw/landsat/LC08_L2SP_147047_20250505_20250512_02_T1/LC08_L2SP_147047_20250505_20250512_02_T1_QA_RADSAT.TIF,224381,77796210cdec1278f81723d866ba3115a2d9d10abf8c966f08d4e0c6668caacb
2025-05-05,LC08_L2SP_147047_20250505_20250512_02_T1,Landsat 8,0.15,EPSG:32643,30.0,30.0,4,4,PASS,,LC08_L2SP_147047_20250505_20250512_02_T1_ST_B10.TIF,data/raw/landsat/LC08_L2SP_147047_20250505_20250512_02_T1/LC08_L2SP_147047_20250505_20250512_02_T1_ST_B10.TIF,90141453,578eb7f04b78d450f82ff5aa4e315ece03fa4d31952fa62544adcbf0904cc1e0
