product_id,acquisition_date,mgrs_tile,safe_directory,safe_directory_present,granule_id,required_file,present,path,size_bytes,sha256,readable,crs,resolution_m,transform,width,height,dtype,file_errors,validation_status,product_errors
S2B_MSIL2A_20250314T052649_N0511_R105_T43QCA_20250314T095315,2025-03-14,MGRS-43QCA,D:\green pulse ai\GreenPulse-AI\data\raw\sentinel2\S2B_MSIL2A_20250314T052649_N0511_R105_T43QCA_20250314T095315.SAFE,False,,MTD_MSIL2A.xml,False,D:\green pulse ai\GreenPulse-AI\data\raw\sentinel2\S2B_MSIL2A_20250314T052649_N0511_R105_T43QCA_20250314T095315.SAFE\MTD_MSIL2A.xml,,,,,,,,,,,FAIL,SAFE directory missing
S2B_MSIL2A_20250314T052649_N0511_R105_T43QCA_20250314T095315,2025-03-14,MGRS-43QCA,D:\green pulse ai\GreenPulse-AI\data\raw\sentinel2\S2B_MSIL2A_20250314T052649_N0511_R105_T43QCA_20250314T095315.SAFE,False,,B04_10m,False,,,,,,,,,,,,FAIL,SAFE directory missing
S2B_MSIL2A_20250314T052649_N0511_R105_T43QCA_20250314T095315,2025-03-14,MGRS-43QCA,D:\green pulse ai\GreenPulse-AI\data\raw\sentinel2\S2B_MSIL2A_20250314T052649_N0511_R105_T43QCA_20250314T095315.SAFE,False,,B08_10m,False,,,,,,,,,,,,FAIL,SAFE directory missing
S2B_MSIL2A_20250314T052649_N0511_R105_T43QCA_20250314T095315,2025-03-14,MGRS-43QCA,D:\green pulse ai\GreenPulse-AI\data\raw\sentinel2\S2B_MSIL2A_20250314T052649_N0511_R105_T43QCA_20250314T095315.SAFE,False,,B11_20m,False,,,,,,,,,,,,FAIL,SAFE directory missing
S2B_MSIL2A_20250314T052649_N0511_R105_T43QCA_20250314T095315,2025-03-14,MGRS-43QCA,D:\green pulse ai\GreenPulse-AI\data\raw\sentinel2\S2B_MSIL2A_20250314T052649_N0511_R105_T43QCA_20250314T095315.SAFE,False,,SCL_20m,False,,,,,,,,,,,,FAIL,SAFE directory missing
S2B_MSIL2A_20250314T052649_N0511_R105_T43QDA_20250314T095315,2025-03-14,MGRS-43QDA,D:\green pulse ai\GreenPulse-AI\data\raw\sentinel2\S2B_MSIL2A_20250314T052649_N0511_R105_T43QDA_20250314T095315.SAFE,False,,MTD_MSIL2A.xml,False,D:\green pulse ai\GreenPulse-AI\data\raw\sentinel2\S2B_MSIL2A_20250314T052649_N0511_R105_T43QDA_20250314T095315.SAFE\MTD_MSIL2A.xml,,,,,,,,,,,FAIL,SAFE directory missing
S2B_MSIL2A_20250314T052649_N0511_R105_T43QDA_20250314T095315,2025-03-14,MGRS-43QDA,D:\green pulse ai\GreenPulse-AI\data\raw\sentinel2\S2B_MSIL2A_20250314T052649_N0511_R105_T43QDA_20250314T095315.SAFE,False,,B04_10m,False,,,,,,,,,,,,FAIL,SAFE directory missing
S2B_MSIL2A_20250314T052649_N0511_R105_T43QDA_20250314T095315,2025-03-14,MGRS-43QDA,D:\green pulse ai\GreenPulse-AI\data\raw\sentinel2\S2B_MSIL2A_20250314T052649_N0511_R105_T43QDA_20250314T095315.SAFE,False,,B08_10m,False,,,,,,,,,,,,FAIL,SAFE directory missing
S2B_MSIL2A_20250314T052649_N0511_R105_T43QDA_20250314T095315,2025-03-14,MGRS-43QDA,D:\green pulse ai\GreenPulse-AI\data\raw\sentinel2\S2B_MSIL2A_20250314T052649_N0511_R105_T43QDA_20250314T095315.SAFE,False,,B11_20m,False,,,,,,,,,,,,FAIL,SAFE directory missing
S2B_MSIL2A_20250314T052649_N0511_R105_T43QDA_20250314T095315,2025-03-14,MGRS-43QDA,D:\green pulse ai\GreenPulse-AI\data\raw\sentinel2\S2B_MSIL2A_20250314T052649_N0511_R105_T43QDA_20250314T095315.SAFE,False,,SCL_20m,False,,,,,,,,,,,,FAIL,SAFE directory missing
S2B_MSIL2A_20250413T052649_N0511_R105_T43QCA_20250413T075318,2025-04-13,MGRS-43QCA,D:\green pulse ai\GreenPulse-AI\data\raw\sentinel2\S2B_MSIL2A_20250413T052649_N0511_R105_T43QCA_20250413T075318.SAFE,False,,MTD_MSIL2A.xml,False,D:\green pulse ai\GreenPulse-AI\data\raw\sentinel2\S2B_MSIL2A_20250413T052649_N0511_R105_T43QCA_20250413T075318.SAFE\MTD_MSIL2A.xml,,,,,,,,,,,FAIL,SAFE directory missing
S2B_MSIL2A_20250413T052649_N0511_R105_T43QCA_20250413T075318,2025-04-13,MGRS-43QCA,D:\green pulse ai\GreenPulse-AI\data\raw\sentinel2\S2B_MSIL2A_20250413T052649_N0511_R105_T43QCA_20250413T075318.SAFE,False,,B04_10m,False,,,,,,,,,,,,FAIL,SAFE directory missing
S2B_MSIL2A_20250413T052649_N0511_R105_T43QCA_20250413T075318,2025-04-13,MGRS-43QCA,D:\green pulse ai\GreenPulse-AI\data\raw\sentinel2\S2B_MSIL2A_20250413T052649_N0511_R105_T43QCA_20250413T075318.SAFE,False,,B08_10m,False,,,,,,,,,,,,FAIL,SAFE directory missing
S2B_MSIL2A_20250413T052649_N0511_R105_T43QCA_20250413T075318,2025-04-13,MGRS-43QCA,D:\green pulse ai\GreenPulse-AI\data\raw\sentinel2\S2B_MSIL2A_20250413T052649_N0511_R105_T43QCA_20250413T075318.SAFE,False,,B11_20m,False,,,,,,,,,,,,FAIL,SAFE directory missing
S2B_MSIL2A_20250413T052649_N0511_R105_T43QCA_20250413T075318,2025-04-13,MGRS-43QCA,D:\green pulse ai\GreenPulse-AI\data\raw\sentinel2\S2B_MSIL2A_20250413T052649_N0511_R105_T43QCA_20250413T075318.SAFE,False,,SCL_20m,False,,,,,,,,,,,,FAIL,SAFE directory missing
S2B_MSIL2A_20250413T052649_N0511_R105_T43QDA_20250413T075318,2025-04-13,MGRS-43QDA,D:\green pulse ai\GreenPulse-AI\data\raw\sentinel2\S2B_MSIL2A_20250413T052649_N0511_R105_T43QDA_20250413T075318.SAFE,False,,MTD_MSIL2A.xml,False,D:\green pulse ai\GreenPulse-AI\data\raw\sentinel2\S2B_MSIL2A_20250413T052649_N0511_R105_T43QDA_20250413T075318.SAFE\MTD_MSIL2A.xml,,,,,,,,,,,FAIL,SAFE directory missing
S2B_MSIL2A_20250413T052649_N0511_R105_T43QDA_20250413T075318,2025-04-13,MGRS-43QDA,D:\green pulse ai\GreenPulse-AI\data\raw\sentinel2\S2B_MSIL2A_20250413T052649_N0511_R105_T43QDA_20250413T075318.SAFE,False,,B04_10m,False,,,,,,,,,,,,FAIL,SAFE directory missing
S2B_MSIL2A_20250413T052649_N0511_R105_T43QDA_20250413T075318,2025-04-13,MGRS-43QDA,D:\green pulse ai\GreenPulse-AI\data\raw\sentinel2\S2B_MSIL2A_20250413T052649_N0511_R105_T43QDA_20250413T075318.SAFE,False,,B08_10m,False,,,,,,,,,,,,FAIL,SAFE directory missing
S2B_MSIL2A_20250413T052649_N0511_R105_T43QDA_20250413T075318,2025-04-13,MGRS-43QDA,D:\green pulse ai\GreenPulse-AI\data\raw\sentinel2\S2B_MSIL2A_20250413T052649_N0511_R105_T43QDA_20250413T075318.SAFE,False,,B11_20m,False,,,,,,,,,,,,FAIL,SAFE directory missing
S2B_MSIL2A_20250413T052649_N0511_R105_T43QDA_20250413T075318,2025-04-13,MGRS-43QDA,D:\green pulse ai\GreenPulse-AI\data\raw\sentinel2\S2B_MSIL2A_20250413T052649_N0511_R105_T43QDA_20250413T075318.SAFE,False,,SCL_20m,False,,,,,,,,,,,,FAIL,SAFE directory missing
S2A_MSIL2A_20250510T053241_N0511_R105_T43QCA_20250510T084438,2025-05-10,MGRS-43QCA,D:\green pulse ai\GreenPulse-AI\data\raw\sentinel2\S2A_MSIL2A_20250510T053241_N0511_R105_T43QCA_20250510T084438.SAFE,False,,MTD_MSIL2A.xml,False,D:\green pulse ai\GreenPulse-AI\data\raw\sentinel2\S2A_MSIL2A_20250510T053241_N0511_R105_T43QCA_20250510T084438.SAFE\MTD_MSIL2A.xml,,,,,,,,,,,FAIL,SAFE directory missing
S2A_MSIL2A_20250510T053241_N0511_R105_T43QCA_20250510T084438,2025-05-10,MGRS-43QCA,D:\green pulse ai\GreenPulse-AI\data\raw\sentinel2\S2A_MSIL2A_20250510T053241_N0511_R105_T43QCA_20250510T084438.SAFE,False,,B04_10m,False,,,,,,,,,,,,FAIL,SAFE directory missing
S2A_MSIL2A_20250510T053241_N0511_R105_T43QCA_20250510T084438,2025-05-10,MGRS-43QCA,D:\green pulse ai\GreenPulse-AI\data\raw\sentinel2\S2A_MSIL2A_20250510T053241_N0511_R105_T43QCA_20250510T084438.SAFE,False,,B08_10m,False,,,,,,,,,,,,FAIL,SAFE directory missing
S2A_MSIL2A_20250510T053241_N0511_R105_T43QCA_20250510T084438,2025-05-10,MGRS-43QCA,D:\green pulse ai\GreenPulse-AI\data\raw\sentinel2\S2A_MSIL2A_20250510T053241_N0511_R105_T43QCA_20250510T084438.SAFE,False,,B11_20m,False,,,,,,,,,,,,FAIL,SAFE directory missing
S2A_MSIL2A_20250510T053241_N0511_R105_T43QCA_20250510T084438,2025-05-10,MGRS-43QCA,D:\green pulse ai\GreenPulse-AI\data\raw\sentinel2\S2A_MSIL2A_20250510T053241_N0511_R105_T43QCA_20250510T084438.SAFE,False,,SCL_20m,False,,,,,,,,,,,,FAIL,SAFE directory missing
S2A_MSIL2A_20250510T053241_N0511_R105_T43QDA_20250510T084438,2025-05-10,MGRS-43QDA,D:\green pulse ai\GreenPulse-AI\data\raw\sentinel2\S2A_MSIL2A_20250510T053241_N0511_R105_T43QDA_20250510T084438.SAFE,False,,MTD_MSIL2A.xml,False,D:\green pulse ai\GreenPulse-AI\data\raw\sentinel2\S2A_MSIL2A_20250510T053241_N0511_R105_T43QDA_20250510T084438.SAFE\MTD_MSIL2A.xml,,,,,,,,,,,FAIL,SAFE directory missing
S2A_MSIL2A_20250510T053241_N0511_R105_T43QDA_20250510T084438,2025-05-10,MGRS-43QDA,D:\green pulse ai\GreenPulse-AI\data\raw\sentinel2\S2A_MSIL2A_20250510T053241_N0511_R105_T43QDA_20250510T084438.SAFE,False,,B04_10m,False,,,,,,,,,,,,FAIL,SAFE directory missing
S2A_MSIL2A_20250510T053241_N0511_R105_T43QDA_20250510T084438,2025-05-10,MGRS-43QDA,D:\green pulse ai\GreenPulse-AI\data\raw\sentinel2\S2A_MSIL2A_20250510T053241_N0511_R105_T43QDA_20250510T084438.SAFE,False,,B08_10m,False,,,,,,,,,,,,FAIL,SAFE directory missing
S2A_MSIL2A_20250510T053241_N0511_R105_T43QDA_20250510T084438,2025-05-10,MGRS-43QDA,D:\green pulse ai\GreenPulse-AI\data\raw\sentinel2\S2A_MSIL2A_20250510T053241_N0511_R105_T43QDA_20250510T084438.SAFE,False,,B11_20m,False,,,,,,,,,,,,FAIL,SAFE directory missing
S2A_MSIL2A_20250510T053241_N0511_R105_T43QDA_20250510T084438,2025-05-10,MGRS-43QDA,D:\green pulse ai\GreenPulse-AI\data\raw\sentinel2\S2A_MSIL2A_20250510T053241_N0511_R105_T43QDA_20250510T084438.SAFE,False,,SCL_20m,False,,,,,,,,,,,,FAIL,SAFE directory missing
